[
  {
    "DevicePath" : "PciRoot(0x0)\/Pci(0x0,0x0)",
    "DeviceName" : "Intel 8th Gen Core Processor Host Bridge\/DRAM Registers",
    "ShadowDevice" : 16066,
    "IORegPath" : "IOService:\/AppleACPIPlatformExpert\/PCI0@0\/AppleACPIPCI\/MCHC@0",
    "SlotName" : "Internal@0,0,0",
    "ASPM" : "Disabled",
    "IORegIOName" : "pci8086,3ec2",
    "ClassCode" : 393216,
    "Address" : 0,
    "PCIDebug" : "00:00.0",
    "VendorName" : "Intel Corporation",
    "ClassName" : "Bridge",
    "SubDeviceID" : 20480,
    "VendorID" : 32902,
    "IORegName" : "\/PCI0@0\/MCHC@0",
    "Model" : "Intel Cannon Lake 11 Series Chipset PCH PCI Express Bridge\u0000",
    "SubClassName" : "Host Bridge",
    "SubVendorID" : 5208,
    "ShadowVendor" : 32902,
    "DeviceID" : 16066,
    "BundleID" : "com.apple.driver.AppleACPIPlatform"
  },
  {
    "DevicePath" : "PciRoot(0x0)\/Pci(0x1,0x0)",
    "DeviceName" : "Intel Xeon E3-1200 8th Generation Core Processor PCI Express x16 Controller",
    "ShadowDevice" : 6401,
    "IORegPath" : "IOService:\/AppleACPIPlatformExpert\/PCI0@0\/AppleACPIPCI\/PEG0@1",
    "SlotName" : "Internal@0,1,0",
    "ASPM" : "Disabled",
    "IORegIOName" : "pci-bridge",
    "ClassCode" : 394240,
    "Address" : 65536,
    "PCIDebug" : "00:01.0",
    "VendorName" : "Intel Corporation",
    "ClassName" : "Bridge",
    "SubDeviceID" : 0,
    "VendorID" : 32902,
    "IORegName" : "\/PCI0@0\/PEG0@1",
    "Model" : "Intel Xeon E3-1200 8th Generation Core Processor PCI Express x16 Controller\u0000",
    "SubClassName" : "PCI Bridge",
    "SubVendorID" : 64,
    "ShadowVendor" : 32902,
    "DeviceID" : 6401,
    "BundleID" : "com.apple.iokit.IOPCIFamily"
  },
  {
    "DevicePath" : "PciRoot(0x0)\/Pci(0x1,0x1)",
    "DeviceName" : "Intel Xeon E3-1200 8th Gen Core Processor PCI Express Controller (x8)",
    "ShadowDevice" : 6405,
    "IORegPath" : "IOService:\/AppleACPIPlatformExpert\/PCI0@0\/AppleACPIPCI\/PEG1@1,1",
    "SlotName" : "Internal@0,1,1",
    "ASPM" : "Disabled",
    "IORegIOName" : "pci-bridge",
    "ClassCode" : 394240,
    "Address" : 65537,
    "PCIDebug" : "00:01.1",
    "VendorName" : "Intel Corporation",
    "ClassName" : "Bridge",
    "SubDeviceID" : 0,
    "VendorID" : 32902,
    "IORegName" : "\/PCI0@0\/PEG1@1,1",
    "Model" : "Intel Xeon E3-1200 8th Gen Core Processor PCI Express Controller (x8)\u0000",
    "SubClassName" : "PCI Bridge",
    "SubVendorID" : 0,
    "ShadowVendor" : 32902,
    "DeviceID" : 6405,
    "BundleID" : "com.apple.iokit.IOPCIFamily"
  },
  {
    "DevicePath" : "PciRoot(0x0)\/Pci(0x2,0x0)",
    "DeviceName" : "Intel CometLake-S GT2 [UHD Graphics 630]",
    "ShadowDevice" : 16018,
    "IORegPath" : "IOService:\/AppleACPIPlatformExpert\/PCI0@0\/AppleACPIPCI\/IGPU@2",
    "SlotName" : "Internal@0,2,0",
    "ASPM" : "Disabled",
    "IORegIOName" : "display",
    "ClassCode" : 229376,
    "Address" : 131072,
    "PCIDebug" : "00:02.0",
    "VendorName" : "Intel Corporation",
    "ClassName" : "Display Controller",
    "SubDeviceID" : 53248,
    "VendorID" : 32902,
    "IORegName" : "\/PCI0@0\/IGPU@2",
    "Model" : "Intel UHD Graphics 630 High Definition Graphics (Desktop)\u0000",
    "SubClassName" : "Display Controller",
    "SubVendorID" : 5208,
    "ShadowVendor" : 32902,
    "DeviceID" : 16018,
    "BundleID" : "com.apple.driver.AppleIntelCFLGraphicsFramebuffer"
  },
  {
    "DevicePath" : "PciRoot(0x0)\/Pci(0x12,0x0)",
    "DeviceName" : "Intel Cannon Lake 11 Series Chipset PCH Thermal Controller",
    "ShadowDevice" : 41849,
    "IORegPath" : "IOService:\/AppleACPIPlatformExpert\/PCI0@0\/AppleACPIPCI\/PCHT@12",
    "SlotName" : "Internal@0,18,0",
    "ASPM" : "Disabled",
    "IORegIOName" : "pci8086,a379",
    "ClassCode" : 1146880,
    "Address" : 1179648,
    "PCIDebug" : "00:12.0",
    "VendorName" : "Intel Corporation",
    "ClassName" : "Signal Processing Controller",
    "SubDeviceID" : 34952,
    "VendorID" : 32902,
    "IORegName" : "\/PCI0@0\/PCHT@12",
    "Model" : "Intel Cannon Lake 11 Series Chipset PCH Thermal Controller\u0000",
    "SubClassName" : "Signal Processing Controller",
    "SubVendorID" : 5208,
    "ShadowVendor" : 32902,
    "DeviceID" : 41849,
    "BundleID" : "com.apple.driver.AppleACPIPlatform"
  },
  {
    "DevicePath" : "PciRoot(0x0)\/Pci(0x14,0x0)",
    "DeviceName" : "Intel Cannon Lake 11 Series Chipset PCH USB 3.1 xHCI Host Controller",
    "ShadowDevice" : 41837,
    "IORegPath" : "IOService:\/AppleACPIPlatformExpert\/PCI0@0\/AppleACPIPCI\/XHC@14",
    "SlotName" : "Internal@0,20,0",
    "ASPM" : "Disabled",
    "IORegIOName" : "pci8086,a36d",
    "ClassCode" : 787248,
    "Address" : 1310720,
    "PCIDebug" : "00:14.0",
    "VendorName" : "Intel Corporation",
    "ClassName" : "Serial Bus Controller",
    "SubDeviceID" : 20487,
    "VendorID" : 32902,
    "IORegName" : "\/PCI0@0\/XHC@14",
    "Model" : "Intel Cannon Lake 11 Series Chipset PCH USB 3.1 xHCI Host Controller\u0000",
    "SubClassName" : "USB Controller",
    "SubVendorID" : 5208,
    "ShadowVendor" : 32902,
    "DeviceID" : 41837,
    "BundleID" : "com.apple.driver.usb.AppleUSBXHCIPCI"
  },
  {
    "DevicePath" : "PciRoot(0x0)\/Pci(0x14,0x2)",
    "DeviceName" : "Intel Cannon Lake 11 Series Chipset PCH Shared SRAM",
    "ShadowDevice" : 41839,
    "IORegPath" : "IOService:\/AppleACPIPlatformExpert\/PCI0@0\/AppleACPIPCI\/SRAM@14,2",
    "SlotName" : "Internal@0,20,2",
    "ASPM" : "Disabled",
    "IORegIOName" : "pci8086,a36f",
    "ClassCode" : 327680,
    "Address" : 1310722,
    "PCIDebug" : "00:14.2",
    "VendorName" : "Intel Corporation",
    "ClassName" : "Memory Controller",
    "SubDeviceID" : 29296,
    "VendorID" : 32902,
    "IORegName" : "\/PCI0@0\/SRAM@14,2",
    "Model" : "Intel Cannon Lake 11 Series Chipset PCH Shared System RAM Controller\u0000",
    "SubClassName" : "RAM Memory",
    "SubVendorID" : 32902,
    "ShadowVendor" : 32902,
    "DeviceID" : 41839,
    "BundleID" : "com.apple.driver.AppleACPIPlatform"
  },
  {
    "DevicePath" : "PciRoot(0x0)\/Pci(0x16,0x0)",
    "DeviceName" : "Intel Cannon Lake 11 Series Chipset PCH HECI Controller",
    "ShadowDevice" : 41824,
    "IORegPath" : "IOService:\/AppleACPIPlatformExpert\/PCI0@0\/AppleACPIPCI\/IMEI@16",
    "SlotName" : "Internal@0,22,0",
    "ASPM" : "Disabled",
    "IORegIOName" : "pci8086,a360",
    "ClassCode" : 491520,
    "Address" : 1441792,
    "PCIDebug" : "00:16.0",
    "VendorName" : "Intel Corporation",
    "ClassName" : "Communication Controller",
    "SubDeviceID" : 7226,
    "VendorID" : 32902,
    "IORegName" : "\/PCI0@0\/IMEI@16",
    "Model" : "Intel Cannon Lake 11 Series Chipset PCH HECI Communication Controller\u0000",
    "SubClassName" : "Communication Controller",
    "SubVendorID" : 5208,
    "ShadowVendor" : 32902,
    "DeviceID" : 41824,
    "BundleID" : "com.apple.driver.AppleACPIPlatform"
  },
  {
    "DevicePath" : "PciRoot(0x0)\/Pci(0x17,0x0)",
    "DeviceName" : "Intel Cannon Lake 11 Series Chipset PCH SATA AHCI Controller",
    "ShadowDevice" : 41810,
    "IORegPath" : "IOService:\/AppleACPIPlatformExpert\/PCI0@0\/AppleACPIPCI\/SATA@17",
    "SlotName" : "Internal@0,23,0",
    "ASPM" : "Disabled",
    "IORegIOName" : "pci8086,a352",
    "ClassCode" : 67073,
    "Address" : 1507328,
    "PCIDebug" : "00:17.0",
    "VendorName" : "Intel Corporation",
    "ClassName" : "Mass Storage Controller",
    "SubDeviceID" : 45061,
    "VendorID" : 32902,
    "IORegName" : "\/PCI0@0\/SATA@17",
    "Model" : "Intel Cannon Lake 11 Series Chipset PCH Serial ATA AHCI Controller\u0000",
    "SubClassName" : "SATA Controller",
    "SubVendorID" : 5208,
    "ShadowVendor" : 32902,
    "DeviceID" : 41810,
    "BundleID" : "com.apple.driver.CtlnaAHCIPort"
  },
  {
    "DevicePath" : "PciRoot(0x0)\/Pci(0x1B,0x0)",
    "DeviceName" : "Intel Cannon Lake 11 Series Chipset PCH PCI Express Root Port #17",
    "ShadowDevice" : 41792,
    "IORegPath" : "IOService:\/AppleACPIPlatformExpert\/PCI0@0\/AppleACPIPCI\/RP17@1B",
    "SlotName" : "Internal@0,27,0",
    "ASPM" : "Disabled",
    "IORegIOName" : "pci-bridge",
    "ClassCode" : 394240,
    "Address" : 1769472,
    "PCIDebug" : "00:1B.0",
    "VendorName" : "Intel Corporation",
    "ClassName" : "Bridge",
    "SubDeviceID" : 0,
    "VendorID" : 32902,
    "IORegName" : "\/PCI0@0\/RP17@1B",
    "Model" : "Intel Cannon Lake 11 Series Chipset PCH PCI Express Root Port #17\u0000",
    "SubClassName" : "PCI Bridge",
    "SubVendorID" : 0,
    "ShadowVendor" : 32902,
    "DeviceID" : 41792,
    "BundleID" : "com.apple.iokit.IOPCIFamily"
  },
  {
    "DevicePath" : "PciRoot(0x0)\/Pci(0x1B,0x4)",
    "DeviceName" : "Intel Cannon Lake 11 Series Chipset PCH PCI Express Root Port #21",
    "ShadowDevice" : 41772,
    "IORegPath" : "IOService:\/AppleACPIPlatformExpert\/PCI0@0\/AppleACPIPCI\/RP21@1B,4",
    "SlotName" : "Internal@0,27,4",
    "ASPM" : "Disabled",
    "IORegIOName" : "pci-bridge",
    "ClassCode" : 394240,
    "Address" : 1769476,
    "PCIDebug" : "00:1B.4",
    "VendorName" : "Intel Corporation",
    "ClassName" : "Bridge",
    "SubDeviceID" : 0,
    "VendorID" : 32902,
    "IORegName" : "\/PCI0@0\/RP21@1B,4",
    "Model" : "Intel Cannon Lake 11 Series Chipset PCH PCI Express Root Port #21\u0000",
    "SubClassName" : "PCI Bridge",
    "SubVendorID" : 127,
    "ShadowVendor" : 32902,
    "DeviceID" : 41772,
    "BundleID" : "com.apple.iokit.IOPCIFamily"
  },
  {
    "DevicePath" : "PciRoot(0x0)\/Pci(0x1,0x1)\/Pci(0x0,0x0)",
    "DeviceName" : "Western Digital Black SN750 NVM Express Solid State Drive",
    "ShadowDevice" : 20486,
    "IORegPath" : "IOService:\/AppleACPIPlatformExpert\/PCI0@0\/AppleACPIPCI\/PEG1@1,1\/IOPP\/ANS1@0",
    "SlotName" : "Internal@0,1,1\/0,0",
    "ASPM" : "Disabled",
    "IORegIOName" : "pci15b7,5006",
    "ClassCode" : 67586,
    "Address" : 0,
    "PCIDebug" : "02:00.0",
    "VendorName" : "SanDisk Corporation",
    "ClassName" : "Mass Storage Controller",
    "SubDeviceID" : 20486,
    "VendorID" : 5559,
    "IORegName" : "\/PCI0@0\/PEG1@1,1\/ANS1@0",
    "Model" : "Western Digital Black SN750 500GB M.2 NVMExpress Solid State Drive\u0000",
    "SubClassName" : "NVM Express Controller",
    "SubVendorID" : 5559,
    "ShadowVendor" : 5559,
    "DeviceID" : 20486,
    "BundleID" : "com.apple.iokit.IONVMeFamily"
  },
  {
    "DevicePath" : "PciRoot(0x0)\/Pci(0x1C,0x0)",
    "DeviceName" : "Intel Cannon Lake 11 Series Chipset PCH PCI Express Root Port #1",
    "ShadowDevice" : 41784,
    "IORegPath" : "IOService:\/AppleACPIPlatformExpert\/PCI0@0\/AppleACPIPCI\/RP01@1C",
    "SlotName" : "Internal@0,28,0",
    "ASPM" : "L0s+L1",
    "IORegIOName" : "pci-bridge",
    "ClassCode" : 394240,
    "Address" : 1835008,
    "PCIDebug" : "00:1C.0",
    "VendorName" : "Intel Corporation",
    "ClassName" : "Bridge",
    "SubDeviceID" : 0,
    "VendorID" : 32902,
    "IORegName" : "\/PCI0@0\/RP01@1C",
    "Model" : "Intel Cannon Lake 11 Series Chipset PCH PCI Express Root Port #1\u0000",
    "SubClassName" : "PCI Bridge",
    "SubVendorID" : 0,
    "ShadowVendor" : 32902,
    "DeviceID" : 41784,
    "BundleID" : "com.apple.iokit.IOPCIFamily"
  },
  {
    "DevicePath" : "PciRoot(0x0)\/Pci(0x1C,0x1)",
    "DeviceName" : "Intel Cannon Lake 11 Series Chipset PCH PCI Express Root Port #2",
    "ShadowDevice" : 41785,
    "IORegPath" : "IOService:\/AppleACPIPlatformExpert\/PCI0@0\/AppleACPIPCI\/RP02@1C,1",
    "SlotName" : "Internal@0,28,1",
    "ASPM" : "Disabled",
    "IORegIOName" : "pci-bridge",
    "ClassCode" : 394240,
    "Address" : 1835009,
    "PCIDebug" : "00:1C.1",
    "VendorName" : "Intel Corporation",
    "ClassName" : "Bridge",
    "SubDeviceID" : 0,
    "VendorID" : 32902,
    "IORegName" : "\/PCI0@0\/RP02@1C,1",
    "Model" : "Intel Cannon Lake 11 Series Chipset PCH PCI Express Root Port #2\u0000",
    "SubClassName" : "PCI Bridge",
    "SubVendorID" : 0,
    "ShadowVendor" : 32902,
    "DeviceID" : 41785,
    "BundleID" : "com.apple.iokit.IOPCIFamily"
  },
  {
    "DevicePath" : "PciRoot(0x0)\/Pci(0x1,0x0)\/Pci(0x0,0x0)",
    "DeviceName" : "AMD Radeon RX 570",
    "ShadowDevice" : 26591,
    "IORegPath" : "IOService:\/AppleACPIPlatformExpert\/PCI0@0\/AppleACPIPCI\/PEG0@1\/IOPP\/GFX0@0",
    "SlotName" : "Internal@0,1,0\/0,0",
    "ASPM" : "Disabled",
    "IORegIOName" : "display",
    "ClassCode" : 196608,
    "Address" : 0,
    "PCIDebug" : "01:00.0",
    "VendorName" : "AMD Inc.",
    "ClassName" : "Display Controller",
    "SubDeviceID" : 13334,
    "VendorID" : 4098,
    "IORegName" : "\/PCI0@0\/PEG0@1\/GFX0@0",
    "Model" : "AMD Radeon RX 570\u0000",
    "SubClassName" : "VGA Compatible Controller",
    "SubVendorID" : 5218,
    "ShadowVendor" : 4098,
    "DeviceID" : 26591,
    "BundleID" : "com.apple.kext.AMD9500Controller"
  },
  {
    "DevicePath" : "PciRoot(0x0)\/Pci(0x1C,0x3)",
    "DeviceName" : "Intel Cannon Lake 11 Series Chipset PCH PCI Express Root Port #4",
    "ShadowDevice" : 41787,
    "IORegPath" : "IOService:\/AppleACPIPlatformExpert\/PCI0@0\/AppleACPIPCI\/RP04@1C,3",
    "SlotName" : "Internal@0,28,3",
    "ASPM" : "Disabled",
    "IORegIOName" : "pci-bridge",
    "ClassCode" : 394240,
    "Address" : 1835011,
    "PCIDebug" : "00:1C.3",
    "VendorName" : "Intel Corporation",
    "ClassName" : "Bridge",
    "SubDeviceID" : 0,
    "VendorID" : 32902,
    "IORegName" : "\/PCI0@0\/RP04@1C,3",
    "Model" : "Intel Cannon Lake 11 Series Chipset PCH PCI Express Root Port #14\u0000",
    "SubClassName" : "PCI Bridge",
    "SubVendorID" : 0,
    "ShadowVendor" : 32902,
    "DeviceID" : 41787,
    "BundleID" : "com.apple.iokit.IOPCIFamily"
  },
  {
    "DevicePath" : "PciRoot(0x0)\/Pci(0x1,0x0)\/Pci(0x0,0x1)",
    "DeviceName" : "AMD Radeon RX 570 HDMI Audio [Ellesmere] Polaris",
    "ShadowDevice" : 43760,
    "IORegPath" : "IOService:\/AppleACPIPlatformExpert\/PCI0@0\/AppleACPIPCI\/PEG0@1\/IOPP\/HDAU@0,1",
    "SlotName" : "Internal@0,1,0\/0,1",
    "ASPM" : "Disabled",
    "IORegIOName" : "pci1002,aaf0",
    "ClassCode" : 262912,
    "Address" : 1,
    "PCIDebug" : "01:00.1",
    "VendorName" : "AMD Inc.",
    "ClassName" : "Multimedia Controller",
    "SubDeviceID" : 43760,
    "VendorID" : 4098,
    "IORegName" : "\/PCI0@0\/PEG0@1\/HDAU@0,1",
    "Model" : "AMD Radeon RX 570 High Definition Audio Controller\u0000",
    "SubClassName" : "Audio Device",
    "SubVendorID" : 5218,
    "ShadowVendor" : 4098,
    "DeviceID" : 43760,
    "BundleID" : "com.apple.driver.AppleGFXHDA"
  },
  {
    "DevicePath" : "PciRoot(0x0)\/Pci(0x1C,0x4)",
    "DeviceName" : "Intel Cannon Lake 11 Series Chipset PCH PCI Express Root Port #5",
    "ShadowDevice" : 41788,
    "IORegPath" : "IOService:\/AppleACPIPlatformExpert\/PCI0@0\/AppleACPIPCI\/RP05@1C,4",
    "SlotName" : "Internal@0,28,4",
    "ASPM" : "Disabled",
    "IORegIOName" : "pci-bridge",
    "ClassCode" : 394240,
    "Address" : 1835012,
    "PCIDebug" : "00:1C.4",
    "VendorName" : "Intel Corporation",
    "ClassName" : "Bridge",
    "SubDeviceID" : 0,
    "VendorID" : 32902,
    "IORegName" : "\/PCI0@0\/RP05@1C,4",
    "Model" : "Intel Cannon Lake 11 Series Chipset PCH PCI Express Root Port #5\u0000",
    "SubClassName" : "PCI Bridge",
    "SubVendorID" : 96,
    "ShadowVendor" : 32902,
    "DeviceID" : 41788,
    "BundleID" : "com.apple.iokit.IOPCIFamily"
  },
  {
    "DevicePath" : "PciRoot(0x0)\/Pci(0x1F,0x0)",
    "DeviceName" : "Intel Z390 Chipset LPC\/eSPI Controller",
    "ShadowDevice" : 41733,
    "IORegPath" : "IOService:\/AppleACPIPlatformExpert\/PCI0@0\/AppleACPIPCI\/LPCB@1F",
    "SlotName" : "Internal@0,31,0",
    "ASPM" : "Disabled",
    "IORegIOName" : "pci8086,a305",
    "ClassCode" : 393472,
    "Address" : 2031616,
    "PCIDebug" : "00:1F.0",
    "VendorName" : "Intel Corporation",
    "ClassName" : "Bridge",
    "SubDeviceID" : 20481,
    "VendorID" : 32902,
    "IORegName" : "\/PCI0@0\/LPCB@1F",
    "Model" : "Intel Z390 11 Series Chipset PCH LPC\/eSPI ISA Bridge\u0000",
    "SubClassName" : "ISA Bridge",
    "SubVendorID" : 5208,
    "ShadowVendor" : 32902,
    "DeviceID" : 41733,
    "BundleID" : "com.apple.driver.AppleACPIPlatform"
  },
  {
    "DevicePath" : "PciRoot(0x0)\/Pci(0x1D,0x0)",
    "DeviceName" : "Intel Cannon Lake 11 Series Chipset PCH PCI Express Root Port #9",
    "ShadowDevice" : 41776,
    "IORegPath" : "IOService:\/AppleACPIPlatformExpert\/PCI0@0\/AppleACPIPCI\/RP09@1D",
    "SlotName" : "Internal@0,29,0",
    "ASPM" : "L0s+L1",
    "IORegIOName" : "pci-bridge",
    "ClassCode" : 394240,
    "Address" : 1900544,
    "PCIDebug" : "00:1D.0",
    "VendorName" : "Intel Corporation",
    "ClassName" : "Bridge",
    "SubDeviceID" : 0,
    "VendorID" : 32902,
    "IORegName" : "\/PCI0@0\/RP09@1D",
    "Model" : "Intel Cannon Lake 11 Series Chipset PCH PCI Express Root Port #9\u0000",
    "SubClassName" : "PCI Bridge",
    "SubVendorID" : 0,
    "ShadowVendor" : 32902,
    "DeviceID" : 41776,
    "BundleID" : "com.apple.iokit.IOPCIFamily"
  },
  {
    "DevicePath" : "PciRoot(0x0)\/Pci(0x1F,0x3)",
    "DeviceName" : "Intel Cannon Lake 11 Series Chipset PCH cAVS (Realtek ALC1220 High Definition Audio)",
    "ShadowDevice" : 41800,
    "IORegPath" : "IOService:\/AppleACPIPlatformExpert\/PCI0@0\/AppleACPIPCI\/HDEF@1F,3",
    "SlotName" : "Internal@0,31,3",
    "ASPM" : "Disabled",
    "IORegIOName" : "pci8086,a348",
    "ClassCode" : 262912,
    "Address" : 2031619,
    "PCIDebug" : "00:1F.3",
    "VendorName" : "Intel Corporation",
    "ClassName" : "Multimedia Controller",
    "SubDeviceID" : 41155,
    "VendorID" : 32902,
    "IORegName" : "\/PCI0@0\/HDEF@1F,3",
    "Model" : "Realtek ALC1220 HD Audio (Intel Cannon Lake 11 Series Chipset PCH cAVS Audio)\u0000",
    "SubClassName" : "Audio Device",
    "SubVendorID" : 5208,
    "ShadowVendor" : 32902,
    "DeviceID" : 41800,
    "BundleID" : "com.apple.driver.AppleHDAController"
  },
  {
    "DevicePath" : "PciRoot(0x0)\/Pci(0x1F,0x4)",
    "DeviceName" : "Intel Cannon Lake 11 Series Chipset PCH SMBus Controller",
    "ShadowDevice" : 41763,
    "IORegPath" : "IOService:\/AppleACPIPlatformExpert\/PCI0@0\/AppleACPIPCI\/SBUS@1F,4",
    "SlotName" : "Internal@0,31,4",
    "ASPM" : "Disabled",
    "IORegIOName" : "pci8086,a323",
    "ClassCode" : 787712,
    "Address" : 2031620,
    "PCIDebug" : "00:1F.4",
    "VendorName" : "Intel Corporation",
    "ClassName" : "Serial Bus Controller",
    "SubDeviceID" : 20481,
    "VendorID" : 32902,
    "IORegName" : "\/PCI0@0\/SBUS@1F,4",
    "Model" : "Intel Cannon Lake 11 Series Chipset PCH System Bus Controller\u0000",
    "SubClassName" : "SMBus",
    "SubVendorID" : 5208,
    "ShadowVendor" : 32902,
    "DeviceID" : 41763,
    "BundleID" : "com.apple.driver.AppleSMBusPCI"
  },
  {
    "DevicePath" : "PciRoot(0x0)\/Pci(0x1F,0x5)",
    "DeviceName" : "Intel Cannon Lake 11 Series Chipset PCH SPI Controller",
    "ShadowDevice" : 41764,
    "IORegPath" : "IOService:\/AppleACPIPlatformExpert\/PCI0@0\/AppleACPIPCI\/XSPI@1F,5",
    "SlotName" : "Internal@0,31,5",
    "ASPM" : "Disabled",
    "IORegIOName" : "pci8086,a324",
    "ClassCode" : 819200,
    "Address" : 2031621,
    "PCIDebug" : "00:1F.5",
    "VendorName" : "Intel Corporation",
    "ClassName" : "Serial Bus Controller",
    "SubDeviceID" : 29296,
    "VendorID" : 32902,
    "IORegName" : "\/PCI0@0\/XSPI@1F,5",
    "Model" : "Intel Cannon Lake 11 Series Chipset PCH SPI Serial Bus Chipset Controller\u0000",
    "SubClassName" : "???",
    "SubVendorID" : 32902,
    "ShadowVendor" : 32902,
    "DeviceID" : 41764,
    "BundleID" : "com.apple.driver.AppleACPIPlatform"
  },
  {
    "DevicePath" : "PciRoot(0x0)\/Pci(0x1F,0x6)",
    "DeviceName" : "Intel I219-V Gigabit LAN Wired Ethernet Controller",
    "ShadowDevice" : 5564,
    "IORegPath" : "IOService:\/AppleACPIPlatformExpert\/PCI0@0\/AppleACPIPCI\/GLAN@1F,6",
    "SlotName" : "Internal@0,31,6",
    "ASPM" : "Disabled",
    "IORegIOName" : "ethernet",
    "ClassCode" : 131072,
    "Address" : 2031622,
    "PCIDebug" : "00:1F.6",
    "VendorName" : "Intel Corporation",
    "ClassName" : "Network Interface",
    "SubDeviceID" : 57344,
    "VendorID" : 32902,
    "IORegName" : "\/PCI0@0\/GLAN@1F,6",
    "Model" : "Intel I219-V7 Wired LAN Gigabit Ethernet Network Controller\u0000",
    "SubClassName" : "Ethernet Controller",
    "SubVendorID" : 5208,
    "ShadowVendor" : 32902,
    "DeviceID" : 5564,
    "BundleID" : "as.acidanthera.mieze.IntelMausi"
  },
  {
    "DevicePath" : "PciRoot(0x0)\/Pci(0x1B,0x0)\/Pci(0x0,0x0)",
    "DeviceName" : "Western Digital Black SN750 NVM Express Solid State Drive",
    "ShadowDevice" : 20486,
    "IORegPath" : "IOService:\/AppleACPIPlatformExpert\/PCI0@0\/AppleACPIPCI\/RP17@1B\/IOPP\/ANS3@0",
    "SlotName" : "Internal@0,27,0\/0,0",
    "ASPM" : "Disabled",
    "IORegIOName" : "pci15b7,5006",
    "ClassCode" : 67586,
    "Address" : 0,
    "PCIDebug" : "03:00.0",
    "VendorName" : "SanDisk Corporation",
    "ClassName" : "Mass Storage Controller",
    "SubDeviceID" : 20486,
    "VendorID" : 5559,
    "IORegName" : "\/PCI0@0\/RP17@1B\/ANS3@0",
    "Model" : "Western Digital Black SN750 500GB M.2 NVMExpress Solid State Drive\u0000",
    "SubClassName" : "NVM Express Controller",
    "SubVendorID" : 5559,
    "ShadowVendor" : 5559,
    "DeviceID" : 20486,
    "BundleID" : "com.apple.iokit.IONVMeFamily"
  },
  {
    "DevicePath" : "PciRoot(0x0)\/Pci(0x1B,0x4)\/Pci(0x0,0x0)",
    "DeviceName" : "Intel JHL6540 Alpine Ridge Thunderbolt 3 Bridge",
    "ShadowDevice" : 5587,
    "IORegPath" : "IOService:\/AppleACPIPlatformExpert\/PCI0@0\/AppleACPIPCI\/RP21@1B,4\/IOPP\/UPSB@0",
    "SlotName" : "Internal@0,27,4\/0,0",
    "ASPM" : "Disabled",
    "IORegIOName" : "pci-bridge",
    "ClassCode" : 394240,
    "Address" : 0,
    "PCIDebug" : "84:00.0",
    "VendorName" : "Intel Corporation",
    "ClassName" : "Bridge",
    "SubDeviceID" : 0,
    "VendorID" : 32902,
    "IORegName" : "\/PCI0@0\/RP21@1B,4\/UPSB@0",
    "Model" : "Intel JHL6540 Alpine Ridge Thunderbolt 3 Bridge #1\u0000",
    "SubClassName" : "PCI Bridge",
    "SubVendorID" : 127,
    "ShadowVendor" : 32902,
    "DeviceID" : 5587,
    "BundleID" : "com.apple.iokit.IOPCIFamily"
  },
  {
    "DevicePath" : "PciRoot(0x0)\/Pci(0x1C,0x1)\/Pci(0x0,0x0)",
    "DeviceName" : "Intel I211 Gigabit LAN Wired Ethernet Connection",
    "ShadowDevice" : 5433,
    "IORegPath" : "IOService:\/AppleACPIPlatformExpert\/PCI0@0\/AppleACPIPCI\/RP02@1C,1\/IOPP\/D05D@0",
    "SlotName" : "Internal@0,28,1\/0,0",
    "ASPM" : "Disabled",
    "IORegIOName" : "ethernet",
    "ClassCode" : 131072,
    "Address" : 0,
    "PCIDebug" : "0B:00.0",
    "VendorName" : "Intel Corporation",
    "ClassName" : "Network Interface",
    "SubDeviceID" : 57344,
    "VendorID" : 32902,
    "IORegName" : "\/PCI0@0\/RP02@1C,1\/D05D@0",
    "Model" : "Intel I211 Wired LAN Gigabit Ethernet Network Controller\u0000",
    "SubClassName" : "Ethernet Controller",
    "SubVendorID" : 5208,
    "ShadowVendor" : 32902,
    "DeviceID" : 5433,
    "BundleID" : "com.smalltree.driver.SmallTreeIntel82576"
  },
  {
    "DevicePath" : "PciRoot(0x0)\/Pci(0x1C,0x4)\/Pci(0x0,0x0)",
    "DeviceName" : "Intel JHL7540 Titan Ridge Thunderbolt 3 Bridge",
    "ShadowDevice" : 5610,
    "IORegPath" : "IOService:\/AppleACPIPlatformExpert\/PCI0@0\/AppleACPIPCI\/RP05@1C,4\/IOPP\/UPSB@0",
    "SlotName" : "Internal@0,28,4\/0,0",
    "ASPM" : "Disabled",
    "IORegIOName" : "pci-bridge",
    "ClassCode" : 394240,
    "Address" : 0,
    "PCIDebug" : "79:00.0",
    "VendorName" : "Intel Corporation",
    "ClassName" : "Bridge",
    "SubDeviceID" : 0,
    "VendorID" : 32902,
    "IORegName" : "\/PCI0@0\/RP05@1C,4\/UPSB@0",
    "Model" : "Intel JHL7540 Titan Ridge Thunderbolt 3 Bridge #1\u0000",
    "SubClassName" : "PCI Bridge",
    "SubVendorID" : 96,
    "ShadowVendor" : 32902,
    "DeviceID" : 5610,
    "BundleID" : "com.apple.iokit.IOPCIFamily"
  },
  {
    "DevicePath" : "PciRoot(0x0)\/Pci(0x1C,0x3)\/Pci(0x0,0x0)",
    "DeviceName" : "AirPort Extreme WiFi Adapter (Broadcom BCM94360CD Wireless AC Card)",
    "ShadowDevice" : 17312,
    "IORegPath" : "IOService:\/AppleACPIPlatformExpert\/PCI0@0\/AppleACPIPCI\/RP04@1C,3\/IOPP\/ARPT@0",
    "SlotName" : "Internal@0,28,3\/0,0",
    "ASPM" : "Disabled",
    "IORegIOName" : "pci14e4,43a0",
    "ClassCode" : 163840,
    "Address" : 0,
    "PCIDebug" : "0C:00.0",
    "VendorName" : "Apple Inc.",
    "ClassName" : "Network Interface",
    "SubDeviceID" : 273,
    "VendorID" : 5348,
    "IORegName" : "\/PCI0@0\/RP04@1C,3\/ARPT@0",
    "Model" : "Broadcom BCM94360CD 802.11 ac\/n\/g\/b\/a Wireless Network Card\u0000",
    "SubClassName" : "AirPort Extreme",
    "SubVendorID" : 4203,
    "ShadowVendor" : 5348,
    "DeviceID" : 17312,
    "BundleID" : "com.apple.driver.AirPort.BrcmNIC"
  },
  {
    "DevicePath" : "PciRoot(0x0)\/Pci(0x1B,0x4)\/Pci(0x0,0x0)\/Pci(0x0,0x0)",
    "DeviceName" : "Intel JHL6540 Alpine Ridge Thunderbolt 3 Bridge",
    "ShadowDevice" : 5587,
    "IORegPath" : "IOService:\/AppleACPIPlatformExpert\/PCI0@0\/AppleACPIPCI\/RP21@1B,4\/IOPP\/UPSB@0\/IOPP\/DSB0@0",
    "SlotName" : "Internal@0,27,4\/0,0\/0,0",
    "ASPM" : "L0s+L1",
    "IORegIOName" : "pci-bridge",
    "ClassCode" : 394240,
    "Address" : 0,
    "PCIDebug" : "85:00.0",
    "VendorName" : "Intel Corporation",
    "ClassName" : "Bridge",
    "SubDeviceID" : 0,
    "VendorID" : 32902,
    "IORegName" : "\/PCI0@0\/RP21@1B,4\/UPSB@0\/DSB0@0",
    "Model" : "Intel JHL6540 Alpine Ridge Thunderbolt 3 Bridge #2\u0000",
    "SubClassName" : "PCI Bridge",
    "SubVendorID" : 0,
    "ShadowVendor" : 32902,
    "DeviceID" : 5587,
    "BundleID" : "com.apple.iokit.IOPCIFamily"
  },
  {
    "DevicePath" : "PciRoot(0x0)\/Pci(0x1B,0x4)\/Pci(0x0,0x0)\/Pci(0x1,0x0)",
    "DeviceName" : "Intel JHL6540 Alpine Ridge Thunderbolt 3 Bridge",
    "ShadowDevice" : 5587,
    "IORegPath" : "IOService:\/AppleACPIPlatformExpert\/PCI0@0\/AppleACPIPCI\/RP21@1B,4\/IOPP\/UPSB@0\/IOPP\/DSB1@1",
    "SlotName" : "Internal@0,27,4\/0,0\/1,0",
    "ASPM" : "L0s+L1",
    "IORegIOName" : "pci-bridge",
    "ClassCode" : 394240,
    "Address" : 65536,
    "PCIDebug" : "85:01.0",
    "VendorName" : "Intel Corporation",
    "ClassName" : "Bridge",
    "SubDeviceID" : 0,
    "VendorID" : 32902,
    "IORegName" : "\/PCI0@0\/RP21@1B,4\/UPSB@0\/DSB1@1",
    "Model" : "Intel JHL6540 Alpine Ridge Thunderbolt 3 Bridge #3\u0000",
    "SubClassName" : "PCI Bridge",
    "SubVendorID" : 0,
    "ShadowVendor" : 32902,
    "DeviceID" : 5587,
    "BundleID" : "com.apple.iokit.IOPCIFamily"
  },
  {
    "DevicePath" : "PciRoot(0x0)\/Pci(0x1C,0x4)\/Pci(0x0,0x0)\/Pci(0x0,0x0)",
    "DeviceName" : "Intel JHL7540 Titan Ridge Thunderbolt 3 Bridge",
    "ShadowDevice" : 5610,
    "IORegPath" : "IOService:\/AppleACPIPlatformExpert\/PCI0@0\/AppleACPIPCI\/RP05@1C,4\/IOPP\/UPSB@0\/IOPP\/DSB0@0",
    "SlotName" : "Internal@0,28,4\/0,0\/0,0",
    "ASPM" : "L1",
    "IORegIOName" : "pci-bridge",
    "ClassCode" : 394240,
    "Address" : 0,
    "PCIDebug" : "7A:00.0",
    "VendorName" : "Intel Corporation",
    "ClassName" : "Bridge",
    "SubDeviceID" : 0,
    "VendorID" : 32902,
    "IORegName" : "\/PCI0@0\/RP05@1C,4\/UPSB@0\/DSB0@0",
    "Model" : "Intel JHL7540 Titan Ridge Thunderbolt 3 Bridge #2\u0000",
    "SubClassName" : "PCI Bridge",
    "SubVendorID" : 0,
    "ShadowVendor" : 32902,
    "DeviceID" : 5610,
    "BundleID" : "com.apple.iokit.IOPCIFamily"
  },
  {
    "DevicePath" : "PciRoot(0x0)\/Pci(0x1B,0x4)\/Pci(0x0,0x0)\/Pci(0x2,0x0)",
    "DeviceName" : "Intel JHL6540 Alpine Ridge Thunderbolt 3 Bridge",
    "ShadowDevice" : 5587,
    "IORegPath" : "IOService:\/AppleACPIPlatformExpert\/PCI0@0\/AppleACPIPCI\/RP21@1B,4\/IOPP\/UPSB@0\/IOPP\/DSB2@2",
    "SlotName" : "Internal@0,27,4\/0,0\/2,0",
    "ASPM" : "L0s+L1",
    "IORegIOName" : "pci-bridge",
    "ClassCode" : 394240,
    "Address" : 131072,
    "PCIDebug" : "85:02.0",
    "VendorName" : "Intel Corporation",
    "ClassName" : "Bridge",
    "SubDeviceID" : 0,
    "VendorID" : 32902,
    "IORegName" : "\/PCI0@0\/RP21@1B,4\/UPSB@0\/DSB2@2",
    "Model" : "Intel JHL6540 Alpine Ridge Thunderbolt 3 Bridge #4\u0000",
    "SubClassName" : "PCI Bridge",
    "SubVendorID" : 0,
    "ShadowVendor" : 32902,
    "DeviceID" : 5587,
    "BundleID" : "com.apple.iokit.IOPCIFamily"
  },
  {
    "DevicePath" : "PciRoot(0x0)\/Pci(0x1C,0x4)\/Pci(0x0,0x0)\/Pci(0x1,0x0)",
    "DeviceName" : "Intel JHL7540 Titan Ridge Thunderbolt 3 Bridge",
    "ShadowDevice" : 5610,
    "IORegPath" : "IOService:\/AppleACPIPlatformExpert\/PCI0@0\/AppleACPIPCI\/RP05@1C,4\/IOPP\/UPSB@0\/IOPP\/DSB1@1",
    "SlotName" : "Internal@0,28,4\/0,0\/1,0",
    "ASPM" : "L1",
    "IORegIOName" : "pci-bridge",
    "ClassCode" : 394240,
    "Address" : 65536,
    "PCIDebug" : "7A:01.0",
    "VendorName" : "Intel Corporation",
    "ClassName" : "Bridge",
    "SubDeviceID" : 0,
    "VendorID" : 32902,
    "IORegName" : "\/PCI0@0\/RP05@1C,4\/UPSB@0\/DSB1@1",
    "Model" : "Intel JHL7540 Titan Ridge Thunderbolt 3 Bridge #3\u0000",
    "SubClassName" : "PCI Bridge",
    "SubVendorID" : 0,
    "ShadowVendor" : 32902,
    "DeviceID" : 5610,
    "BundleID" : "com.apple.iokit.IOPCIFamily"
  },
  {
    "DevicePath" : "PciRoot(0x0)\/Pci(0x1B,0x4)\/Pci(0x0,0x0)\/Pci(0x4,0x0)",
    "DeviceName" : "Intel JHL6540 Alpine Ridge Thunderbolt 3 Bridge",
    "ShadowDevice" : 5587,
    "IORegPath" : "IOService:\/AppleACPIPlatformExpert\/PCI0@0\/AppleACPIPCI\/RP21@1B,4\/IOPP\/UPSB@0\/IOPP\/DSB4@4",
    "SlotName" : "Internal@0,27,4\/0,0\/4,0",
    "ASPM" : "L0s+L1",
    "IORegIOName" : "pci-bridge",
    "ClassCode" : 394240,
    "Address" : 262144,
    "PCIDebug" : "85:04.0",
    "VendorName" : "Intel Corporation",
    "ClassName" : "Bridge",
    "SubDeviceID" : 0,
    "VendorID" : 32902,
    "IORegName" : "\/PCI0@0\/RP21@1B,4\/UPSB@0\/DSB4@4",
    "Model" : "Intel JHL6540 Alpine Ridge Thunderbolt 3 Bridge #5\u0000",
    "SubClassName" : "PCI Bridge",
    "SubVendorID" : 0,
    "ShadowVendor" : 32902,
    "DeviceID" : 5587,
    "BundleID" : "com.apple.iokit.IOPCIFamily"
  },
  {
    "DevicePath" : "PciRoot(0x0)\/Pci(0x1C,0x4)\/Pci(0x0,0x0)\/Pci(0x2,0x0)",
    "DeviceName" : "Intel JHL7540 Titan Ridge Thunderbolt 3 Bridge",
    "ShadowDevice" : 5610,
    "IORegPath" : "IOService:\/AppleACPIPlatformExpert\/PCI0@0\/AppleACPIPCI\/RP05@1C,4\/IOPP\/UPSB@0\/IOPP\/DSB2@2",
    "SlotName" : "Internal@0,28,4\/0,0\/2,0",
    "ASPM" : "L1",
    "IORegIOName" : "pci-bridge",
    "ClassCode" : 394240,
    "Address" : 131072,
    "PCIDebug" : "7A:02.0",
    "VendorName" : "Intel Corporation",
    "ClassName" : "Bridge",
    "SubDeviceID" : 0,
    "VendorID" : 32902,
    "IORegName" : "\/PCI0@0\/RP05@1C,4\/UPSB@0\/DSB2@2",
    "Model" : "Intel JHL7540 Titan Ridge Thunderbolt 3 Bridge #4\u0000",
    "SubClassName" : "PCI Bridge",
    "SubVendorID" : 0,
    "ShadowVendor" : 32902,
    "DeviceID" : 5610,
    "BundleID" : "com.apple.iokit.IOPCIFamily"
  },
  {
    "DevicePath" : "PciRoot(0x0)\/Pci(0x1C,0x4)\/Pci(0x0,0x0)\/Pci(0x4,0x0)",
    "DeviceName" : "Intel JHL7540 Titan Ridge Thunderbolt 3 Bridge",
    "ShadowDevice" : 5610,
    "IORegPath" : "IOService:\/AppleACPIPlatformExpert\/PCI0@0\/AppleACPIPCI\/RP05@1C,4\/IOPP\/UPSB@0\/IOPP\/DSB4@4",
    "SlotName" : "Internal@0,28,4\/0,0\/4,0",
    "ASPM" : "L1",
    "IORegIOName" : "pci-bridge",
    "ClassCode" : 394240,
    "Address" : 262144,
    "PCIDebug" : "7A:04.0",
    "VendorName" : "Intel Corporation",
    "ClassName" : "Bridge",
    "SubDeviceID" : 0,
    "VendorID" : 32902,
    "IORegName" : "\/PCI0@0\/RP05@1C,4\/UPSB@0\/DSB4@4",
    "Model" : "Intel JHL7540 Titan Ridge Thunderbolt 3 Bridge #5\u0000",
    "SubClassName" : "PCI Bridge",
    "SubVendorID" : 0,
    "ShadowVendor" : 32902,
    "DeviceID" : 5610,
    "BundleID" : "com.apple.iokit.IOPCIFamily"
  },
  {
    "DevicePath" : "PciRoot(0x0)\/Pci(0x1B,0x4)\/Pci(0x0,0x0)\/Pci(0x0,0x0)\/Pci(0x0,0x0)",
    "DeviceName" : "Intel JHL6540 Alpine Ridge Thunderbolt 3 NHI",
    "ShadowDevice" : 5586,
    "IORegPath" : "IOService:\/AppleACPIPlatformExpert\/PCI0@0\/AppleACPIPCI\/RP21@1B,4\/IOPP\/UPSB@0\/IOPP\/DSB0@0\/IOPP\/NHI0@0",
    "SlotName" : "Internal@0,27,4\/0,0\/0,0\/0,0",
    "ASPM" : "L0s+L1",
    "IORegIOName" : "pci8086,15d2",
    "ClassCode" : 557056,
    "Address" : 0,
    "PCIDebug" : "87:00.0",
    "VendorName" : "Intel Corporation",
    "ClassName" : "Thunderbolt Controller",
    "SubDeviceID" : 8307,
    "VendorID" : 32902,
    "IORegName" : "\/PCI0@0\/RP21@1B,4\/UPSB@0\/DSB0@0\/NHI0@0",
    "Model" : "Intel JHL6540 Alpine Ridge Thunderbolt 3 NHI Controller\u0000",
    "SubClassName" : "Thunderbolt 3 NHI",
    "SubVendorID" : 32902,
    "ShadowVendor" : 32902,
    "DeviceID" : 5586,
    "BundleID" : "com.apple.driver.AppleThunderboltNHI"
  },
  {
    "DevicePath" : "PciRoot(0x0)\/Pci(0x1C,0x4)\/Pci(0x0,0x0)\/Pci(0x0,0x0)\/Pci(0x0,0x0)",
    "DeviceName" : "Intel JHL7540 Titan Ridge Thunderbolt 3 NHI",
    "ShadowDevice" : 5611,
    "IORegPath" : "IOService:\/AppleACPIPlatformExpert\/PCI0@0\/AppleACPIPCI\/RP05@1C,4\/IOPP\/UPSB@0\/IOPP\/DSB0@0\/IOPP\/NHI0@0",
    "SlotName" : "Internal@0,28,4\/0,0\/0,0\/0,0",
    "ASPM" : "L1",
    "IORegIOName" : "pci8086,15eb",
    "ClassCode" : 557056,
    "Address" : 0,
    "PCIDebug" : "7C:00.0",
    "VendorName" : "Intel Corporation",
    "ClassName" : "Thunderbolt Controller",
    "SubDeviceID" : 49160,
    "VendorID" : 32902,
    "IORegName" : "\/PCI0@0\/RP05@1C,4\/UPSB@0\/DSB0@0\/NHI0@0",
    "Model" : "Intel JHL7540 Titan Ridge Thunderbolt 3 NHI Controller\u0000",
    "SubClassName" : "Thunderbolt 3 NHI",
    "SubVendorID" : 5208,
    "ShadowVendor" : 32902,
    "DeviceID" : 5611,
    "BundleID" : "com.apple.driver.AppleThunderboltNHI"
  },
  {
    "DevicePath" : "PciRoot(0x0)\/Pci(0x1B,0x4)\/Pci(0x0,0x0)\/Pci(0x2,0x0)\/Pci(0x0,0x0)",
    "DeviceName" : "Intel JHL6540 Alpine Ridge Thunderbolt 3 USB Type-C Controller",
    "ShadowDevice" : 5588,
    "IORegPath" : "IOService:\/AppleACPIPlatformExpert\/PCI0@0\/AppleACPIPCI\/RP21@1B,4\/IOPP\/UPSB@0\/IOPP\/DSB2@2\/IOPP\/XHC3@0",
    "SlotName" : "Internal@0,27,4\/0,0\/2,0\/0,0",
    "ASPM" : "L0s+L1",
    "IORegIOName" : "pci8086,15d4",
    "ClassCode" : 787248,
    "Address" : 0,
    "PCIDebug" : "86:00.0",
    "VendorName" : "Intel Corporation",
    "ClassName" : "Serial Bus Controller",
    "SubDeviceID" : 8307,
    "VendorID" : 32902,
    "IORegName" : "\/PCI0@0\/RP21@1B,4\/UPSB@0\/DSB2@2\/XHC3@0",
    "Model" : "Intel JHL6540 Alpine Ridge USB 3.1 Type-C Host Controller\u0000",
    "SubClassName" : "USB Controller",
    "SubVendorID" : 32902,
    "ShadowVendor" : 32902,
    "DeviceID" : 5588,
    "BundleID" : "com.apple.driver.usb.AppleUSBXHCIPCI"
  },
  {
    "DevicePath" : "PciRoot(0x0)\/Pci(0x1C,0x4)\/Pci(0x0,0x0)\/Pci(0x2,0x0)\/Pci(0x0,0x0)",
    "DeviceName" : "Intel JHL7540 Titan Ridge Thunderbolt 3 USB Type-C Controller",
    "ShadowDevice" : 5612,
    "IORegPath" : "IOService:\/AppleACPIPlatformExpert\/PCI0@0\/AppleACPIPCI\/RP05@1C,4\/IOPP\/UPSB@0\/IOPP\/DSB2@2\/IOPP\/XHC2@0",
    "SlotName" : "Internal@0,28,4\/0,0\/2,0\/0,0",
    "ASPM" : "L1",
    "IORegIOName" : "pci8086,15ec",
    "ClassCode" : 787248,
    "Address" : 0,
    "PCIDebug" : "7B:00.0",
    "VendorName" : "Intel Corporation",
    "ClassName" : "Serial Bus Controller",
    "SubDeviceID" : 49160,
    "VendorID" : 32902,
    "IORegName" : "\/PCI0@0\/RP05@1C,4\/UPSB@0\/DSB2@2\/XHC2@0",
    "Model" : "Intel JHL7540 Titan Ridge USB 3.1 Type-C Host Controller\u0000",
    "SubClassName" : "USB Controller",
    "SubVendorID" : 5208,
    "ShadowVendor" : 32902,
    "DeviceID" : 5612,
    "BundleID" : "com.apple.driver.usb.AppleUSBXHCIPCI"
  }
]